{
  "data": {
    "type": "trail-run",
    "id": "5-headlands-saturday",
    "attributes": {
      "title": "SFRC Headlands Saturday",
      "recurrence": {
        "day": 6,
        "frequency": "weekly",
        "interval": 1,
        "weekNumber": null,
        "monthNumber": null,
        "date": null,
        "holiday": null
      },
      "runs": [
        {
          "name": "",
          "leaders": [],
          "distance": "14 Mi",
          "vert": "1400-2400ft",
          "pace": "Hard",
          "category": "at-your-own-pace",
          "meetTime": "07:55",
          "startTime": "08:00",
          "eventLink": null,
          "stravaRouteLink": null,
          "stravaEventLink": null,
          "meetupEventLink": null,
          "gpxLink": null
        }
      ],
      "description": null,
      "descriptionHtml": null,
      "eventLink": "https://www.sfrunco.com/about-us/weeklyruns",
      "stravaEventLink": null,
      "meetupEventLink": null
    },
    "relationships": {
      "location": {
        "data": {
          "type": "location",
          "id": "10"
        }
      },
      "hosts": {
        "data": [
          {
            "type": "organization",
            "id": "5"
          }
        ]
      },
      "organizers": {
        "data": [
          {
            "type": "user",
            "id": "8"
          }
        ]
      },
      "owner": {
        "data": {
          "type": "organization",
          "id": "5"
        }
      },
      "occurrences": {
        "data": [
          {
            "type": "realized-event-date",
            "id": "5-headlands-saturday-2026-01-17"
          },
          {
            "type": "realized-event-date",
            "id": "5-headlands-saturday-2026-01-24"
          },
          {
            "type": "realized-event-date",
            "id": "5-headlands-saturday-2026-01-31"
          },
          {
            "type": "realized-event-date",
            "id": "5-headlands-saturday-2026-02-07"
          },
          {
            "type": "realized-event-date",
            "id": "5-headlands-saturday-2026-02-14"
          },
          {
            "type": "realized-event-date",
            "id": "5-headlands-saturday-2026-02-21"
          },
          {
            "type": "realized-event-date",
            "id": "5-headlands-saturday-2026-02-28"
          },
          {
            "type": "realized-event-date",
            "id": "5-headlands-saturday-2026-03-07"
          },
          {
            "type": "realized-event-date",
            "id": "5-headlands-saturday-2026-03-14"
          },
          {
            "type": "realized-event-date",
            "id": "5-headlands-saturday-2026-03-21"
          },
          {
            "type": "realized-event-date",
            "id": "5-headlands-saturday-2026-03-28"
          },
          {
            "type": "realized-event-date",
            "id": "5-headlands-saturday-2026-04-04"
          },
          {
            "type": "realized-event-date",
            "id": "5-headlands-saturday-2026-04-11"
          },
          {
            "type": "realized-event-date",
            "id": "5-headlands-saturday-2026-04-18"
          },
          {
            "type": "realized-event-date",
            "id": "5-headlands-saturday-2026-04-25"
          },
          {
            "type": "realized-event-date",
            "id": "5-headlands-saturday-2026-05-02"
          },
          {
            "type": "realized-event-date",
            "id": "5-headlands-saturday-2026-05-09"
          },
          {
            "type": "realized-event-date",
            "id": "5-headlands-saturday-2026-05-16"
          },
          {
            "type": "realized-event-date",
            "id": "5-headlands-saturday-2026-05-23"
          },
          {
            "type": "realized-event-date",
            "id": "5-headlands-saturday-2026-05-30"
          },
          {
            "type": "realized-event-date",
            "id": "5-headlands-saturday-2026-06-06"
          },
          {
            "type": "realized-event-date",
            "id": "5-headlands-saturday-2026-06-13"
          },
          {
            "type": "realized-event-date",
            "id": "5-headlands-saturday-2026-06-20"
          },
          {
            "type": "realized-event-date",
            "id": "5-headlands-saturday-2026-06-27"
          },
          {
            "type": "realized-event-date",
            "id": "5-headlands-saturday-2026-07-04"
          },
          {
            "type": "realized-event-date",
            "id": "5-headlands-saturday-2026-07-11"
          },
          {
            "type": "realized-event-date",
            "id": "5-headlands-saturday-2026-07-18"
          },
          {
            "type": "realized-event-date",
            "id": "5-headlands-saturday-2026-07-25"
          },
          {
            "type": "realized-event-date",
            "id": "5-headlands-saturday-2026-08-01"
          },
          {
            "type": "realized-event-date",
            "id": "5-headlands-saturday-2026-08-08"
          },
          {
            "type": "realized-event-date",
            "id": "5-headlands-saturday-2026-08-15"
          },
          {
            "type": "realized-event-date",
            "id": "5-headlands-saturday-2026-08-22"
          },
          {
            "type": "realized-event-date",
            "id": "5-headlands-saturday-2026-08-29"
          },
          {
            "type": "realized-event-date",
            "id": "5-headlands-saturday-2026-09-05"
          },
          {
            "type": "realized-event-date",
            "id": "5-headlands-saturday-2026-09-12"
          },
          {
            "type": "realized-event-date",
            "id": "5-headlands-saturday-2026-09-19"
          },
          {
            "type": "realized-event-date",
            "id": "5-headlands-saturday-2026-09-26"
          },
          {
            "type": "realized-event-date",
            "id": "5-headlands-saturday-2026-10-03"
          },
          {
            "type": "realized-event-date",
            "id": "5-headlands-saturday-2026-10-10"
          },
          {
            "type": "realized-event-date",
            "id": "5-headlands-saturday-2026-10-17"
          },
          {
            "type": "realized-event-date",
            "id": "5-headlands-saturday-2026-10-24"
          },
          {
            "type": "realized-event-date",
            "id": "5-headlands-saturday-2026-10-31"
          },
          {
            "type": "realized-event-date",
            "id": "5-headlands-saturday-2026-11-07"
          },
          {
            "type": "realized-event-date",
            "id": "5-headlands-saturday-2026-11-14"
          },
          {
            "type": "realized-event-date",
            "id": "5-headlands-saturday-2026-11-21"
          },
          {
            "type": "realized-event-date",
            "id": "5-headlands-saturday-2026-11-28"
          },
          {
            "type": "realized-event-date",
            "id": "5-headlands-saturday-2026-12-05"
          },
          {
            "type": "realized-event-date",
            "id": "5-headlands-saturday-2026-12-12"
          },
          {
            "type": "realized-event-date",
            "id": "5-headlands-saturday-2026-12-19"
          },
          {
            "type": "realized-event-date",
            "id": "5-headlands-saturday-2026-12-26"
          },
          {
            "type": "realized-event-date",
            "id": "5-headlands-saturday-2027-01-02"
          },
          {
            "type": "realized-event-date",
            "id": "5-headlands-saturday-2027-01-09"
          },
          {
            "type": "realized-event-date",
            "id": "5-headlands-saturday-2027-01-16"
          }
        ]
      }
    }
  },
  "included": [
    {
      "type": "location",
      "id": "10",
      "attributes": {
        "name": "SFRC Mill Valley",
        "lat": 37.881261,
        "lng": -122.524734,
        "region": "Marin Headlands",
        "address": {
          "street": "247 Shoreline Hwy",
          "city": "Mill Valley",
          "state": "CA",
          "zip": "94941"
        },
        "googleMapsLink": "https://maps.app.goo.gl/KzkAdvxe19owTXTc9",
        "descriptionHtml": null
      }
    },
    {
      "type": "organization",
      "id": "5",
      "attributes": {
        "name": "San Francisco Running Company",
        "website": "https://www.sfrunco.com/about-us/weeklyruns/",
        "stravaId": "15879",
        "stravaHandle": "san-francisco-running-company",
        "meetupId": null,
        "instagramHandle": "sfrunco",
        "email": null,
        "phoneNumber": null,
        "descriptionHtml": null
      },
      "relationships": {
        "runs": {
          "links": {
            "related": "/api/organization/5/runs.json"
          },
          "meta": {
            "count": 3
          }
        },
        "contacts": {
          "data": [
            {
              "type": "user",
              "id": "8"
            }
          ]
        }
      }
    },
    {
      "type": "user",
      "id": "8",
      "attributes": {
        "firstName": "Jojo",
        "lastName": "Roldan",
        "email": null,
        "phoneNumber": null,
        "hasWhatsApp": true,
        "stravaId": "2860482",
        "instagramHandle": "from_here_we_go",
        "descriptionHtml": null
      }
    },
    {
      "type": "realized-event-date",
      "id": "5-headlands-saturday-2026-01-17",
      "attributes": {
        "date": "2026-01-17",
        "weekNumberMonday": 3,
        "weekNumberSunday": 3
      },
      "relationships": {}
    },
    {
      "type": "realized-event-date",
      "id": "5-headlands-saturday-2026-01-24",
      "attributes": {
        "date": "2026-01-24",
        "weekNumberMonday": 4,
        "weekNumberSunday": 4
      },
      "relationships": {}
    },
    {
      "type": "realized-event-date",
      "id": "5-headlands-saturday-2026-01-31",
      "attributes": {
        "date": "2026-01-31",
        "weekNumberMonday": 5,
        "weekNumberSunday": 5
      },
      "relationships": {}
    },
    {
      "type": "realized-event-date",
      "id": "5-headlands-saturday-2026-02-07",
      "attributes": {
        "date": "2026-02-07",
        "weekNumberMonday": 6,
        "weekNumberSunday": 6
      },
      "relationships": {}
    },
    {
      "type": "realized-event-date",
      "id": "5-headlands-saturday-2026-02-14",
      "attributes": {
        "date": "2026-02-14",
        "weekNumberMonday": 7,
        "weekNumberSunday": 7
      },
      "relationships": {}
    },
    {
      "type": "realized-event-date",
      "id": "5-headlands-saturday-2026-02-21",
      "attributes": {
        "date": "2026-02-21",
        "weekNumberMonday": 8,
        "weekNumberSunday": 8
      },
      "relationships": {}
    },
    {
      "type": "realized-event-date",
      "id": "5-headlands-saturday-2026-02-28",
      "attributes": {
        "date": "2026-02-28",
        "weekNumberMonday": 9,
        "weekNumberSunday": 9
      },
      "relationships": {}
    },
    {
      "type": "realized-event-date",
      "id": "5-headlands-saturday-2026-03-07",
      "attributes": {
        "date": "2026-03-07",
        "weekNumberMonday": 10,
        "weekNumberSunday": 10
      },
      "relationships": {}
    },
    {
      "type": "realized-event-date",
      "id": "5-headlands-saturday-2026-03-14",
      "attributes": {
        "date": "2026-03-14",
        "weekNumberMonday": 11,
        "weekNumberSunday": 11
      },
      "relationships": {}
    },
    {
      "type": "realized-event-date",
      "id": "5-headlands-saturday-2026-03-21",
      "attributes": {
        "date": "2026-03-21",
        "weekNumberMonday": 12,
        "weekNumberSunday": 12
      },
      "relationships": {}
    },
    {
      "type": "realized-event-date",
      "id": "5-headlands-saturday-2026-03-28",
      "attributes": {
        "date": "2026-03-28",
        "weekNumberMonday": 13,
        "weekNumberSunday": 13
      },
      "relationships": {}
    },
    {
      "type": "realized-event-date",
      "id": "5-headlands-saturday-2026-04-04",
      "attributes": {
        "date": "2026-04-04",
        "weekNumberMonday": 14,
        "weekNumberSunday": 14
      },
      "relationships": {}
    },
    {
      "type": "realized-event-date",
      "id": "5-headlands-saturday-2026-04-11",
      "attributes": {
        "date": "2026-04-11",
        "weekNumberMonday": 15,
        "weekNumberSunday": 15
      },
      "relationships": {}
    },
    {
      "type": "realized-event-date",
      "id": "5-headlands-saturday-2026-04-18",
      "attributes": {
        "date": "2026-04-18",
        "weekNumberMonday": 16,
        "weekNumberSunday": 16
      },
      "relationships": {}
    },
    {
      "type": "realized-event-date",
      "id": "5-headlands-saturday-2026-04-25",
      "attributes": {
        "date": "2026-04-25",
        "weekNumberMonday": 17,
        "weekNumberSunday": 17
      },
      "relationships": {}
    },
    {
      "type": "realized-event-date",
      "id": "5-headlands-saturday-2026-05-02",
      "attributes": {
        "date": "2026-05-02",
        "weekNumberMonday": 18,
        "weekNumberSunday": 18
      },
      "relationships": {}
    },
    {
      "type": "realized-event-date",
      "id": "5-headlands-saturday-2026-05-09",
      "attributes": {
        "date": "2026-05-09",
        "weekNumberMonday": 19,
        "weekNumberSunday": 19
      },
      "relationships": {}
    },
    {
      "type": "realized-event-date",
      "id": "5-headlands-saturday-2026-05-16",
      "attributes": {
        "date": "2026-05-16",
        "weekNumberMonday": 20,
        "weekNumberSunday": 20
      },
      "relationships": {}
    },
    {
      "type": "realized-event-date",
      "id": "5-headlands-saturday-2026-05-23",
      "attributes": {
        "date": "2026-05-23",
        "weekNumberMonday": 21,
        "weekNumberSunday": 21
      },
      "relationships": {}
    },
    {
      "type": "realized-event-date",
      "id": "5-headlands-saturday-2026-05-30",
      "attributes": {
        "date": "2026-05-30",
        "weekNumberMonday": 22,
        "weekNumberSunday": 22
      },
      "relationships": {}
    },
    {
      "type": "realized-event-date",
      "id": "5-headlands-saturday-2026-06-06",
      "attributes": {
        "date": "2026-06-06",
        "weekNumberMonday": 23,
        "weekNumberSunday": 23
      },
      "relationships": {}
    },
    {
      "type": "realized-event-date",
      "id": "5-headlands-saturday-2026-06-13",
      "attributes": {
        "date": "2026-06-13",
        "weekNumberMonday": 24,
        "weekNumberSunday": 24
      },
      "relationships": {}
    },
    {
      "type": "realized-event-date",
      "id": "5-headlands-saturday-2026-06-20",
      "attributes": {
        "date": "2026-06-20",
        "weekNumberMonday": 25,
        "weekNumberSunday": 25
      },
      "relationships": {}
    },
    {
      "type": "realized-event-date",
      "id": "5-headlands-saturday-2026-06-27",
      "attributes": {
        "date": "2026-06-27",
        "weekNumberMonday": 26,
        "weekNumberSunday": 26
      },
      "relationships": {}
    },
    {
      "type": "realized-event-date",
      "id": "5-headlands-saturday-2026-07-04",
      "attributes": {
        "date": "2026-07-04",
        "weekNumberMonday": 27,
        "weekNumberSunday": 27
      },
      "relationships": {}
    },
    {
      "type": "realized-event-date",
      "id": "5-headlands-saturday-2026-07-11",
      "attributes": {
        "date": "2026-07-11",
        "weekNumberMonday": 28,
        "weekNumberSunday": 28
      },
      "relationships": {}
    },
    {
      "type": "realized-event-date",
      "id": "5-headlands-saturday-2026-07-18",
      "attributes": {
        "date": "2026-07-18",
        "weekNumberMonday": 29,
        "weekNumberSunday": 29
      },
      "relationships": {}
    },
    {
      "type": "realized-event-date",
      "id": "5-headlands-saturday-2026-07-25",
      "attributes": {
        "date": "2026-07-25",
        "weekNumberMonday": 30,
        "weekNumberSunday": 30
      },
      "relationships": {}
    },
    {
      "type": "realized-event-date",
      "id": "5-headlands-saturday-2026-08-01",
      "attributes": {
        "date": "2026-08-01",
        "weekNumberMonday": 31,
        "weekNumberSunday": 31
      },
      "relationships": {}
    },
    {
      "type": "realized-event-date",
      "id": "5-headlands-saturday-2026-08-08",
      "attributes": {
        "date": "2026-08-08",
        "weekNumberMonday": 32,
        "weekNumberSunday": 32
      },
      "relationships": {}
    },
    {
      "type": "realized-event-date",
      "id": "5-headlands-saturday-2026-08-15",
      "attributes": {
        "date": "2026-08-15",
        "weekNumberMonday": 33,
        "weekNumberSunday": 33
      },
      "relationships": {}
    },
    {
      "type": "realized-event-date",
      "id": "5-headlands-saturday-2026-08-22",
      "attributes": {
        "date": "2026-08-22",
        "weekNumberMonday": 34,
        "weekNumberSunday": 34
      },
      "relationships": {}
    },
    {
      "type": "realized-event-date",
      "id": "5-headlands-saturday-2026-08-29",
      "attributes": {
        "date": "2026-08-29",
        "weekNumberMonday": 35,
        "weekNumberSunday": 35
      },
      "relationships": {}
    },
    {
      "type": "realized-event-date",
      "id": "5-headlands-saturday-2026-09-05",
      "attributes": {
        "date": "2026-09-05",
        "weekNumberMonday": 36,
        "weekNumberSunday": 36
      },
      "relationships": {}
    },
    {
      "type": "realized-event-date",
      "id": "5-headlands-saturday-2026-09-12",
      "attributes": {
        "date": "2026-09-12",
        "weekNumberMonday": 37,
        "weekNumberSunday": 37
      },
      "relationships": {}
    },
    {
      "type": "realized-event-date",
      "id": "5-headlands-saturday-2026-09-19",
      "attributes": {
        "date": "2026-09-19",
        "weekNumberMonday": 38,
        "weekNumberSunday": 38
      },
      "relationships": {}
    },
    {
      "type": "realized-event-date",
      "id": "5-headlands-saturday-2026-09-26",
      "attributes": {
        "date": "2026-09-26",
        "weekNumberMonday": 39,
        "weekNumberSunday": 39
      },
      "relationships": {}
    },
    {
      "type": "realized-event-date",
      "id": "5-headlands-saturday-2026-10-03",
      "attributes": {
        "date": "2026-10-03",
        "weekNumberMonday": 40,
        "weekNumberSunday": 40
      },
      "relationships": {}
    },
    {
      "type": "realized-event-date",
      "id": "5-headlands-saturday-2026-10-10",
      "attributes": {
        "date": "2026-10-10",
        "weekNumberMonday": 41,
        "weekNumberSunday": 41
      },
      "relationships": {}
    },
    {
      "type": "realized-event-date",
      "id": "5-headlands-saturday-2026-10-17",
      "attributes": {
        "date": "2026-10-17",
        "weekNumberMonday": 42,
        "weekNumberSunday": 42
      },
      "relationships": {}
    },
    {
      "type": "realized-event-date",
      "id": "5-headlands-saturday-2026-10-24",
      "attributes": {
        "date": "2026-10-24",
        "weekNumberMonday": 43,
        "weekNumberSunday": 43
      },
      "relationships": {}
    },
    {
      "type": "realized-event-date",
      "id": "5-headlands-saturday-2026-10-31",
      "attributes": {
        "date": "2026-10-31",
        "weekNumberMonday": 44,
        "weekNumberSunday": 44
      },
      "relationships": {}
    },
    {
      "type": "realized-event-date",
      "id": "5-headlands-saturday-2026-11-07",
      "attributes": {
        "date": "2026-11-07",
        "weekNumberMonday": 45,
        "weekNumberSunday": 45
      },
      "relationships": {}
    },
    {
      "type": "realized-event-date",
      "id": "5-headlands-saturday-2026-11-14",
      "attributes": {
        "date": "2026-11-14",
        "weekNumberMonday": 46,
        "weekNumberSunday": 46
      },
      "relationships": {}
    },
    {
      "type": "realized-event-date",
      "id": "5-headlands-saturday-2026-11-21",
      "attributes": {
        "date": "2026-11-21",
        "weekNumberMonday": 47,
        "weekNumberSunday": 47
      },
      "relationships": {}
    },
    {
      "type": "realized-event-date",
      "id": "5-headlands-saturday-2026-11-28",
      "attributes": {
        "date": "2026-11-28",
        "weekNumberMonday": 48,
        "weekNumberSunday": 48
      },
      "relationships": {}
    },
    {
      "type": "realized-event-date",
      "id": "5-headlands-saturday-2026-12-05",
      "attributes": {
        "date": "2026-12-05",
        "weekNumberMonday": 49,
        "weekNumberSunday": 49
      },
      "relationships": {}
    },
    {
      "type": "realized-event-date",
      "id": "5-headlands-saturday-2026-12-12",
      "attributes": {
        "date": "2026-12-12",
        "weekNumberMonday": 50,
        "weekNumberSunday": 50
      },
      "relationships": {}
    },
    {
      "type": "realized-event-date",
      "id": "5-headlands-saturday-2026-12-19",
      "attributes": {
        "date": "2026-12-19",
        "weekNumberMonday": 51,
        "weekNumberSunday": 51
      },
      "relationships": {}
    },
    {
      "type": "realized-event-date",
      "id": "5-headlands-saturday-2026-12-26",
      "attributes": {
        "date": "2026-12-26",
        "weekNumberMonday": 52,
        "weekNumberSunday": 52
      },
      "relationships": {}
    },
    {
      "type": "realized-event-date",
      "id": "5-headlands-saturday-2027-01-02",
      "attributes": {
        "date": "2027-01-02",
        "weekNumberMonday": 1,
        "weekNumberSunday": 1
      },
      "relationships": {}
    },
    {
      "type": "realized-event-date",
      "id": "5-headlands-saturday-2027-01-09",
      "attributes": {
        "date": "2027-01-09",
        "weekNumberMonday": 2,
        "weekNumberSunday": 2
      },
      "relationships": {}
    },
    {
      "type": "realized-event-date",
      "id": "5-headlands-saturday-2027-01-16",
      "attributes": {
        "date": "2027-01-16",
        "weekNumberMonday": 3,
        "weekNumberSunday": 3
      },
      "relationships": {}
    }
  ]
}